{
 "debug_info":{
    "intent_recognizer":[
       {
          "debug_info_key":"intent_recognizer",
          "intent":"run_app",
          "asr_not_normalized_message":"запусти грабли оператора",
          "used_isearch":true,
          "node_predictions":{
             "run_app":{
                "run_app":1
             },
             "regular_expressions":{
                
             },
             "smart_home_search":{
                "smart_home":0.0
             },
             "sklearn_bert":{
                "mobile_payment":0.6652234792709351,
                "video":0.21996153891086578,
                "music":0.07461408525705338
             },
             "sklearn_tfidf":{
                "A0519.Operator":0.3350677788257599,
                "music":0.1312580704689026,
                "axon":0.13032066822052002
             },
             "rank":{
                "mobile_payment":0.3360453527420759,
                "A0519.Operator":0.1790533410385251,
                "video":0.14696601405739784
             },
             "axon_rb":{
                "A0553.Something_about_a_bank":0.9999387264251709,
                "axon":6.124540232121944E-5
             },
             "smart_home_rule":{
                "mobile_payment":0.3360453527420759,
                "A0519.Operator":0.1790533410385251,
                "video":0.14696601405739784
             },
             "sbol_search":{
                "sbol_search":0
             },
             "isearch":{
                "video":0,
                "music":0
             },
             "isearch_rank":{
                "mobile_payment":0.3360453527420759,
                "A0519.Operator":0.1790533410385251,
                "video":0.14696601405739784
             },
             "TV_vs_music":{
                "mobile_payment":0.3360453527420759,
                "A0519.Operator":0.1790533410385251,
                "video":0.14696601405739784
             },
             "axon_binary":{
                "mobile_payment":0.3360453527420759,
                "A0519.Operator":0.1790533410385251,
                "video":0.14696601405739784
             },
             "sbol_search_rank":{
                "mobile_payment":0.3360453527420759
             },
             "axon_rb_rank":{
                "mobile_payment":0.3360453527420759
             },
             "person_token":{
                "mobile_payment":0.3360453527420759
             }
          }
       }
    ]
 },
 "auto_listening":true,
 "projectName":"Грабли оператора ",
 "intent":"run_app",
 "app_info":{
    "projectId":"62d2ba48-7506-4436-8a4d-1569d88bed5a",
    "applicationId":"2a81d6e0-1e4a-4d34-92d6-9f7aa3824270",
    "appversionId":"c9de8a62-ce6d-4cf8-a583-5b53adac0467",
    "frontendEndpoint":"None",
    "frontendType":"CHAT_APP",
    "frontendStateId":"62d2ba48-7506-4436-8a4d-1569d88bed5a_2a81d6e0-1e4a-4d34-92d6-9f7aa3824270_c9de8a62-ce6d-4cf8-a583-5b53adac0467",
    "appearance":{
       "header":{
          "title":"Грабли оператора ",
          "icon":{
             "type":"url",
             "url":"https://ift.salute.online.sberbank.ru:9443/cdn/62d2ba48-7506-4436-8a4d-1569d88bed5a/125dd594-5e2f-4946-bdf7-b8372920bcdb.png",
             "hash":"938aacca777052972b44b8cef842753e"
          }
       }
    }
 },
 "activate_app_info":true,
 "emotion":null,
 "items":[
    {
       "card":{
          "type":"list_card",
          "cells":[
             {
                "type":"left_right_cell_view",
                "left":{
                   "type":"simple_left_view",
                   "icon":{
                      "address":{
                         "type":"url",
                         "url":"https://content.sberdevices.ru/smartmarket-smide-prod/97310/97311/CStSslRVeh3X85Gd.png"
                      },
                      "size":{
                         "width":"medium",
                         "height":"medium"
                      },
                      "margins":{
                         "left":"8x",
                         "top":"5x",
                         "right":"6x",
                         "bottom":"5x"
                      },
                      "tint_color":"solid_brand"
                   },
                   "title":{
                      "text":"Чат с оператором",
                      "typeface":"body1",
                      "text_color":"default",
                      "max_lines":1,
                      "margins":{
                         "top":"9x",
                         "bottom":"9x"
                      }
                   }
                },
                "right":{
                   "type":"disclosure_right_view",
                   "margins":{
                      "top":"8x",
                      "right":"4x",
                      "bottom":"8x"
                   }
                },
                "actions":[
                   {
                      "type":"deep_link",
                      "deep_link":"messaging://navigation?pageId=messenger&bot_nickname=test_bot&call_operator=true"
                   }
                ]
             }
          ]
       }
    }
 ],
 "header_buttons":[
    {
       "icon_address":{
          "type":"url",
          "url":"https://content.sberdevices.ru/smartmarket-smide-prod/97310/97311/EZoPmSYM4knMw9kv.png"
       },
       "log_id":"operator_header_button",
       "actions":[
          {
             "type":"deep_link",
             "deep_link":"messaging://navigation?pageId=messenger&bot_nickname=test_bot&call_operator=true"
          }
       ]
    }
 ],
 "asr_hints":{
    
 },
 "suggestions":{
    "buttons":[
       {
          "title":"Хватит",
          "action":{
             "text":"Хватит",
             "type":"text"
          }
       }
    ]
 },
 "smartBio":{
    
 },
 "character":{
    "id":"sber"
 },
 "userSettings":{
    "initials":"ДД"
 },
 "feature_launcher":{
    "assigned_testing_groups":[
       "new_main_page_exp",
       "catalog_app",
       "content_sbol_greetings_catalog_1",
       "experiment_1_group_A"
    ],
    "catalog_app":{
       "compilation_swap":[
          {
             "first_compilation_position":2,
             "second_compilation_position":3
          },
          {
             "first_compilation_position":2,
             "second_compilation_position":5
          }
       ],
       "new_main_page":true,
       "shuffle_categories":true
    },
    "general_base":{
       
    },
    "music":{
       "shazam":true
    },
    "new_main_page":{
       "new_main_page":false
    },
    "public":{
       "greenfield_percentage":26,
       "greenfield_segment_list":[
          "grocery_sberdevices_04_2021",
          "sbol_version_gte_12.0.0",
          "shake_and_check_slot_TRUE"
       ]
    },
    "ufs_launcher_response":{
       
    }
 }
}